PC1,PC2,PC3,PC4,PC5,PC6,PC7,PC8,PC9,PC10
0.41131001496534336,-0.3910564197794345,0.7414686274470033,-1.6912162357598568,0.21967232395543773,-0.3188773235318425,-0.2460545221587212,-0.8752379981698898,-0.18355659924453316,-0.6935288122169038
1.540720578419471,-2.114739801378102,2.304008212776318,-1.5299364735889551,2.8774615900868357,0.04899533902800009,-1.3097242186791795,-1.027007889074737,-1.8901141549046254,-0.681583840781614
0.7255799516113894,-0.7813758018809959,3.6509272269106265,-1.3191326795154525,2.568076701980145,1.8509779839128309,-1.7115740597650984,-1.0885103953699589,-1.4132311624027047,-0.7836546544061791
0.8022895655291445,-0.9635699825803609,2.91430544491853,-2.6031752051660657,4.165583664038675,-0.1757662445359609,-1.5607691696520347,-0.5467077243326548,-1.4425614986501802,-0.670658488035248
1.02447197967541,-0.7792753813516121,3.3253989892436664,-2.857822341772633,4.783649670879172,0.8939218857993944,-1.7688043492394678,-0.5566042933398244,-1.4694093868124658,-0.33523377605627297
0.6134348369928014,1.115101656171728,2.314380531800779,-3.498360165180549,4.490773681168147,0.9441759278434493,-1.5745706700644035,-0.6822909125835496,-0.8043848897328603,0.06152501668258994
0.8557829116128248,0.8134557570565503,2.1730098284452524,-2.7691189998174717,4.205102527004353,0.11287770103962387,-1.2668684249197082,-0.8132132837765564,-0.7310377448047594,0.0821882991091147
-0.5501894128121577,3.0656250842435955,1.8585809249517542,-2.9009812096545895,3.1380168039748586,0.494230803163772,-1.3353742784560914,-0.7659408778587731,-0.07879390104589737,0.23820596671069647
-0.3136634098184866,0.5209572877005743,3.7111583628208904,-0.7499286796954799,1.753809674371786,1.409567119010705,-1.0674919287807512,-1.1131959188971277,0.30072182010601295,1.5384027808079273
-0.6581559712904228,0.5783395292584796,3.0641276289927957,-0.21212529789459136,-0.1987758453252638,1.0413312796607492,0.5247244082330406,-0.0021274932080170075,1.270192641644391,1.3319409225658396
-2.8535026150195537,-0.28350822160517214,3.700622839844498,-1.392359086346222,-1.6185931750752367,-0.9517823137971612,-0.8070174058233797,0.26427741268931343,1.14394979783047,1.3337627361666236
-1.8861315187541583,3.47650382447043,1.9808621353959919,-0.7905222092181095,0.7588214678674606,0.4260448403400311,2.0627502785403813,1.581904138993144,-0.039659531984124134,0.7828057246541852
-3.103109532714371,1.0764868668754672,3.4943200469293876,-0.32345180542722796,-0.7454509200145754,-0.2539511129693368,0.4176596323430758,0.4623027322994738,1.0955860734726472,0.6457224759096349
-5.1630782494684295,-0.9490252421387989,3.9755702558404025,-1.6562027274104478,-2.8169447305861657,-1.59735571121574,-1.766998319867903,0.06140309340040322,1.1634944340058746,0.3746433175581215
-4.859011902853101,-2.046083884606441,3.4557444616501836,-2.032308430183065,-2.2783840374431517,-1.3448725723926838,-1.0166228814582159,0.6316664496241066,0.3039327274769524,-0.5613733290759512
-5.084157689721442,3.6716400748062874,1.1509824208960164,-1.6458623585251368,0.37849232980030273,-0.3648617812794704,2.2475810896465602,1.5707411197387866,0.06516837708954269,-0.12983584602855824
-5.313343256501666,-2.5036213976461825,3.4511100049682706,-0.5651524130513994,-1.0527702570650042,-1.3671272893401496,0.34105136529742447,-0.29276028002415616,1.280389671568108,1.5470845030316438
-4.368371373363986,-0.7750709760187164,4.820561722611974,1.588051581138055,0.4287426984071821,1.0547285996132054,3.2630048047684395,1.3177445902094964,1.1525832958944846,0.03296262576409421
-2.526198886455589,-1.43616068980968,1.8913411000792557,-0.465603224812086,1.5245518924809833,-1.0173099206631622,3.343117317881074,2.155182556110435,0.4477594312425127,-0.6706045507308105
-1.9552085723269526,-1.8073737358084478,1.689941215113132,-0.5492090951128469,1.4252841512353756,-0.6804391480254914,2.872356378229313,1.7093101264099189,0.8940939451306834,0.25854619421663244
-0.7740106011104566,-2.302517133591135,2.2250809293962464,-1.378146683998565,2.9732998732300326,0.40105608512981716,1.0318670419689353,0.3746849840290277,0.3702824627273369,0.28786961955275264
-0.2593249932626387,-0.6609069965221098,1.6702188316094286,-1.7188835772310918,2.5883067805748388,1.5627507279306412,0.6600763806794134,0.032434634401786705,0.8807874189333532,0.32022137542532475
0.12808143268886074,-0.9888751885999248,1.189492065004327,-1.7630323466728406,2.772193351405772,0.08972173035152815,-0.06625597777427591,-0.1542394496796659,1.232350857053123,-1.2761575011847266
0.5348802818104961,-0.03582803594689536,0.9802879083100287,-1.7565142474896613,2.9840311241380224,0.45369090004732926,0.047129062422673396,-0.09831112475356671,1.1057582642984907,0.6718898483399245
0.459732044196978,0.6028543804956328,0.6216552227874761,-1.8603444153204336,3.2159168914500693,0.34742268886247246,0.31959831730647975,-0.11257198394552634,1.417065086362141,0.7056475743769198
0.37384756566649213,-0.07448845999292998,1.5881240674343293,-0.14147672926989177,1.3133453541457691,1.2688251030680184,0.8167215790535571,-0.17042752498771327,2.23696692242675,0.7471918951514144
-1.8305476725936682,0.3749813582575315,1.5015654948736294,-1.4353553103916257,-0.4160459710700101,0.02009603222483306,-0.6823930584519013,-0.16745595834243834,2.1283670818694405,0.9346720278537194
-0.5248096000561925,-0.8281610158372247,1.8198714977764139,-0.11015636052823845,1.2063371939503233,0.744415968720654,0.21134385700198513,0.06636791993449923,1.4187522644422184,0.9084546952155481
-0.11774869158003919,2.1565824787939527,0.17625399352969492,-0.22962985640438002,1.7990574253995455,1.3619570572254653,0.9019485434792928,1.0410759699499879,1.3777785258363922,0.32998106834123025
-0.02677845122489924,-0.02376880269659657,0.15862593388415794,-0.9328644833459077,2.1708919085605682,-0.7847023261224462,0.6834271978972731,0.46241761366552847,1.406861097506682,0.7548363756503035
-0.7346118995071519,1.6353836802000061,0.6048333297688425,-0.3075420521389692,1.761511417768154,0.6802411268986899,0.36227885007695343,0.09343439708557708,1.4781768961822204,0.3740721032216917
-0.315726400430715,-0.9517094367456447,1.530869758092133,0.1883185075792287,0.8742253292104648,0.5158075323533059,0.01748519017026081,-0.22866539476907646,1.8043503004310921,0.3118652654823597
-0.708161961093495,1.4647841992277895,-0.05314566222288592,-0.42691735241885076,0.8554655018606412,0.4379795676471778,0.6882411810996563,0.2136199457406531,1.3754037350007677,0.12323966844301981
-1.585764369414193,2.333324138552837,-0.08976763133329634,-0.4516073038844184,0.18226723489537133,0.0448737762416633,0.26680191622256316,-0.2705907014166691,1.6944766242590312,0.3232991875703285
-1.3613053043863779,1.9857681227976411,-0.8688901343401843,0.3742519237880773,0.12596523642206675,-0.24215051365953244,0.14520438711898537,-0.268066680118546,1.2894888064321564,0.9730033555765617
-0.5777521893511932,-1.0277373222785697,2.200608510358594,2.593340481147448,-0.21157906696243628,2.8677278865739586,0.806249988476877,-0.4531053693040126,0.8056515443357404,0.012708553607825
-5.464030792653565,0.5332847199307651,-0.19122372767225945,-2.75974698149688,-2.7336610056093584,-2.6987118435518935,-2.5426963027493357,-0.05302578984838312,0.4322640428362208,0.5669964256856416
-1.699819591198568,-1.0661479095733484,-0.10178630587539964,0.22228289143073535,0.4482092961669814,-0.1636551713929003,1.098728167657165,0.493511462094579,-0.7304199953597438,-0.04805150711407134
-1.926492186411743,-0.5111841526398911,0.21932393287025817,0.06343150115970825,-0.2930540715500906,0.49125597894832884,0.6827922083687694,-0.27135374563637427,-0.20698710007534246,0.48393050812194216
-2.1236146089721655,0.6665099586510469,-0.6827064908960121,-0.4498718344222355,0.04926566674557651,0.02001702561906651,0.8669303141377687,-0.024970379079709604,-0.29799215626452336,-0.3813894196336778
-2.131453918454566,-0.3458047393760184,-0.4611074498740049,-0.427723864080684,-0.1093111131086523,-0.9138373514155916,0.33081123083157177,-0.39224246131989615,0.1839865723079145,-0.3760462981101567
-2.7689478062550354,-1.308513456053918,0.3948842439800208,-0.6723819899812427,-1.0877512823339082,0.08889123506796492,-0.3468211151088049,-0.5258543998251566,-0.5027529600335369,0.1457888590412723
-2.3884046151024614,-2.0289118150794736,-0.5786343304431484,-1.1526099622341355,-0.09271575800163596,-1.4189014349497322,0.5185122768845836,-0.5153635051159569,-0.3418362478512432,0.6949619333363772
-2.8783601677142046,0.2978156916186285,-0.31384774768379664,-1.1756353279292202,-0.853246783223613,-0.5745865358658879,-0.24295709680657468,-0.6533277153098964,0.1448097189327518,-0.29403082339033604
-2.9393367145407923,0.272369598031588,0.12243344397943731,-0.743104139961823,-0.9995696105004863,-0.298638041536938,0.05304082092199742,-0.5110507806731845,-0.07608225526108749,-0.21047406214250247
-2.2442842783501518,-0.7937682831469349,0.7359793906450397,0.5569384896594892,-0.28147287351678985,0.6643565964662271,0.6170563300113753,-0.3962865243661387,-1.0288019159051078,0.04202315182014039
-5.619044490437543,-0.14339773671024963,0.5556573916562746,-2.2303611378138863,-2.6981614445303848,-2.1226440742124346,-1.6792573764501217,-1.1898514647509246,0.17874863667496088,-0.3272580982055596
-4.149258254701441,-1.1955004339276718,0.6215686317563224,-1.0194947624699822,-1.6089010328519382,-0.7926588745273637,-0.22523659809831423,-0.6732412853511153,-0.8264721684792133,-0.3480935554097619
-3.5996271793026393,-1.635489166339485,-0.036006337543887164,-1.3195065371288808,-0.676932262815022,-1.2511898591549953,0.8813417328884002,-0.274095509771295,-0.6095777727986579,-0.10788788620925968
-4.738064950814199,1.0378730022896112,-0.10110191812848977,-1.2024779196721493,-1.000289084284217,-0.004461503102429005,1.1275780677912077,-0.1792158999692424,-0.6101236878466805,-0.12060205978393349
-4.197821123368073,-0.9402233327925004,0.09863640095920409,-0.2786896994581498,-1.2363248086858942,-0.8195418221259564,1.0447735424487552,-0.7784010629003124,-0.2597303698983659,-0.4909361004541284
-3.8913920643866007,-1.1259292716044271,-0.7199050485677934,-0.9945846234912438,-0.8429514818976049,-0.9766773083052792,1.1987243889501877,-0.6127793199123072,-0.7255805216855012,-0.512194633075018
-2.676903589743102,-2.08086917551901,-0.11434088041395231,0.20894329753635943,-0.19365664698760385,0.5182503738474309,2.249719639736876,-0.4609166787725938,-0.8760537600646575,-0.3456903186494284
-2.2393365383764605,-1.4442217834552973,-0.7764710133295483,-0.46727134712467056,0.14095946029071618,-0.39628387165614054,1.9395651462184689,-0.22152104417198235,-0.6884886303189182,-0.43974208215214705
-1.9557181848423415,-1.5171302118959995,-0.6280962342688208,-0.4185467011365327,-0.03702732908699433,0.11928386774459239,1.7646280339095821,-0.5377351372603112,-0.3811052635213349,-0.014442971224220835
-3.303887161730148,-2.066354563413085,-1.9266498418070535,-2.0558950793399737,-0.8957882970990345,-2.0020354737313344,-0.21337303836897661,-1.2476333335641203,0.0493089245593744,0.41528668232820254
-2.43839056442148,-2.1827045284552296,-1.2549832423518699,-0.8169861250997676,-0.6270081449445316,0.35259233679560953,0.5149517569535274,-1.5390993817381902,0.09219734010022196,-0.40893568424895615
-3.1668072598347985,-2.077922737410137,-1.2393237928360166,-1.0661396094477587,-1.4761500337240747,0.151727030813922,0.028383273486836898,-1.7590470478007618,0.2636413293285875,-0.011004043824862803
-1.640322893982174,-1.7745391413558582,-2.253124257089697,-0.7598166714244475,0.4473123566710013,-0.2580418375023136,1.6299197418811766,-0.8168537728058303,-0.9065779343266153,-0.34729075005389015
-2.4791808452293362,-2.2514673354786052,0.05908511497102111,0.6287041574429402,-1.0531284788277036,2.6736568505000315,1.4329504580632684,-1.6315912299443307,0.0334972830497559,0.3225191840633687
-3.090243169486512,-2.4936073244824852,0.19710843869431646,0.3125588025863242,-0.9931414638148091,0.9761947385495903,1.2395773026860328,-0.9762419534706699,-0.632547757147021,-0.40480876198603605
-2.2855450856458575,-0.5560152486225193,-2.2652137849377163,-0.5596675217810019,0.2226367438407124,-0.2318299836817873,2.001150794908919,-0.3215050733084547,-0.6518278632959551,-0.4942491392415198
-1.1150770856384988,-1.844650669097045,-1.647549939368888,0.255115946988074,0.32969048800918493,0.23730698877329692,1.4816362409798893,-0.7405307162422394,-0.9880933894173953,-0.0050884158624169866
-0.7067510936190057,-2.0579446562520527,-1.272985074051139,0.702800300396626,-0.22349412280756753,1.308712341710254,0.6787807569800325,-1.0306562706047617,-0.7030823222012852,0.3012999480028461
-0.4409741671561882,0.5406828435635183,-2.7452994229640337,0.12250835454949856,0.8934488051223705,0.35721438548465617,1.4146038867851851,-0.5643498908259345,-0.6951747681129308,0.25677926407423357
-1.1194162270567487,2.13160237533094,-2.293278141241217,1.1200812219748288,0.3655350978071763,1.4179716723784925,0.7706235528441264,-1.1568668393101935,-0.43421946579486287,0.18825391719948556
0.4450188370867506,-1.1102511149426573,-2.1814841339545548,1.0745200851485683,0.7496345678819973,-0.4623965309042899,0.48707105066563666,-0.8430752828998818,-0.1775941846426932,1.3735389663881075
-1.3008582823625052,0.4303177577101943,-2.301589614675148,-0.5829066802893316,0.02254881902293806,-0.19625895638590307,0.24806976862196217,-1.2874989875294784,-0.04160994200897093,1.121962579310513
-1.3917045224025724,-1.0721406997560337,-1.7024730158732682,-0.19388903460093787,-0.3245486597887484,-0.5498434295775712,-0.23125572803607966,-1.5412199469583951,-0.03716392385248922,0.7705345306457313
-1.5032482480921783,-1.6859142876243083,-1.1936597478252147,-0.11569116496838197,-0.5154519185948793,0.056857503428845116,-0.06869628807674179,-1.4398829745026325,-0.7162164521540969,0.7560621935467069
-0.9000776689030467,-0.10690514779141236,-2.3108288848069023,-0.3493685578751831,0.4085285517842212,0.19730745410548495,1.2608552221293186,-0.8735389798295393,-0.6607239716915104,0.312348451792891
-0.21176229270818575,-1.6355372870252554,-2.1232902416421844,0.0973442894476318,0.7595773016870715,-0.7363197834376103,1.1409910208530618,-1.0734764204450782,-0.484758955671104,-0.2700181344044983
-0.09632936294605214,-1.4141721308987756,-2.0370455162615517,-0.06529619609557757,0.358341371390852,0.4058123695859958,1.221965875270484,-1.1698672029350348,0.005095777590241868,-0.6884512167182678
-0.20569301459629297,-1.0142139514574808,-1.2494742355733606,0.3777905891708154,-0.09759216867982852,1.4844158370688032,0.9977457062333649,-1.3305485210246493,-0.6317238895148767,0.09517350093220005
-1.0416401544348401,-0.7313084100107884,-1.3395706718924998,-0.4292860371385125,-0.7264821110028933,0.3085734083998145,0.07188471220992147,-1.3000027405874222,-0.5242070013549542,-0.13826203721115202
-0.5443285017487783,-0.7381116224827007,-1.6020744404844212,-0.20872578934829777,-0.534502367224527,0.12287369254429366,0.06139790871220253,-1.2074906766681368,-0.4797154553589152,0.16770982476043694
-0.8536687116195799,-0.4764279379859955,-1.527545515447965,-0.6171432656362277,-0.826133840232066,-0.2540115323999807,-0.3122569510414503,-1.3654259263650679,-0.4502745001572442,0.4352917263242621
-1.4831734974529969,-1.1215535519860378,-1.1204836655187362,-0.7810909690044798,-1.5771884758892216,-0.4566966312639592,-0.9169646339403392,-1.4788254306658979,-0.3028880743493147,0.020076889580708832
-0.4442418446596656,-1.450105682178663,-0.24819046135136993,0.34285606826840953,-0.5626673684159894,0.6134572423964252,0.17795026627203164,-0.9083742512841791,-1.060763669041898,-0.6093456330197426
0.24688919302351336,-1.6333386465866129,-0.9354577071685333,-0.4193379663672652,0.46544159437499394,-0.04848113529419578,0.6814578438751022,-0.5899804771971565,-1.585240598159489,-0.55734948426777
-0.9187049276286089,-0.7600795371156569,-0.2427531285530149,-0.28278240056569764,-0.8867200301841957,1.256700341135952,-0.16685921789788646,-1.5098710428688156,-0.6747372595431554,-0.3770639695692239
0.03604184013687942,-1.3637223071259368,-0.7738484787420055,-0.31584123123314983,0.034150624515796535,-0.13970886021280904,0.4917870154592238,-0.9307579343450837,-0.6663959466414474,-0.5214382927339516
0.37542344899282065,-1.7112820140881235,0.13926968501339074,-0.12942419672868782,1.9937962499454416,-0.20686373785767448,-0.2871592179050487,-1.5026837840614111,-0.6522410679059293,-0.977709318666364
-0.5247538382691956,0.9560705959934737,-0.7356101228437593,-1.3793658734150036,1.285653789721795,0.4996779120718159,-0.28631896235740656,-1.0554833900798621,-0.4706270532929135,-0.7218470557908945
-1.8354001289727757,3.716550944751678,-1.0392012222501625,-0.7349852819169924,1.4583931549335998,-0.10490300329221115,-0.6969047505705429,-1.404231506125816,-0.14440929346582712,-0.18963709062835798
-1.402641346409778,2.7322791591792415,-0.39848565823955245,0.17148166211956378,1.7507460585050603,-0.1699878218424798,-0.3119580934684728,-1.3451141289917237,-0.07283516523436466,0.6382637191156639
-0.5684278532036834,1.228603183179656,-0.01805941946943899,0.7043463556253904,2.0944218458709707,-0.3736795062769103,-0.28640298606751347,-1.1209912277262022,-0.4787929552946008,0.4071866933179859
-0.6805316256856527,2.3603386233321664,-0.49883415011349735,1.593733682099238,0.9786748200872201,-0.05775095424122064,0.3715935052792307,-0.896982788875132,0.36173462634662984,0.16754158794983762
-0.30491117539209817,1.097236777024417,-0.455245316854262,1.0812883923842636,0.6927822614513953,-0.41815109575651677,0.24713796533852034,-0.2653193542609097,0.03280414726825044,0.8797540107931408
-0.7120568386181959,1.7316155555745274,-0.45544631063076957,0.8917508183738615,0.16152051290358807,0.08485420172295437,-0.2306873962750168,-0.5496958440611608,-0.00992381344301702,0.8676582497234667
-1.0241954340341108,0.5911460799387755,-0.5592083168975334,0.14843075530760422,-0.4276698155114153,-0.8405399735434744,-0.995103809053237,-0.5019527378106612,0.3382490284453519,0.06250155136599247
0.4316395737046511,0.5555326631329466,-0.8094275510379437,1.0335036745020287,1.0145301772462112,-0.5598467708818685,0.34907669995413737,0.26823763153979646,0.0535675154637388,-1.1248499449017353
0.9661698448780808,-0.3816734640826476,-0.6893717373683378,0.81428701373443,0.9954677882227662,-0.5200250865361132,0.48045716669502486,0.07115783577242081,0.42988960499713336,-0.7276289802826875
-0.24537772129419483,0.0023966128082926,-0.6557064603861966,-0.014313171820690807,0.11617157833448158,-0.7977782267631788,-0.4778918495691009,-0.5338093895541177,0.6216952291231457,-0.3601192194196884
1.0539397899739178,-1.8294055066194073,0.008697740209811195,0.43844107899617235,0.8494499588084816,0.49866715735641703,-0.05168284691759477,-0.36565688460567247,0.008125836927123995,-0.3614270645652941
0.02062590617803359,0.1641868732252708,-0.5685563292072905,-0.422125999289133,0.506597514856941,0.3966765379724668,-0.29338604835083826,-0.2690785779428115,-0.3693765376803824,-0.3186273057147793
0.3656792671190282,-1.476109611279199,0.5117563275391674,1.0805804192175292,0.31862063806731844,1.1591436239120623,-0.28449534419718314,-0.9670751348645009,0.674861654907916,-0.4160612911173596
0.8107699872867412,-0.2358441483538523,-0.055885543901483155,0.05392897231088592,0.644716684524313,0.554367871984378,0.20709448984237933,0.0005704751306186485,0.05280437132693227,-0.539195543410209
-2.119702572156804,-0.3147365398650737,0.31374940750436364,-1.1873655394549276,-1.385559607122061,-1.3464264601495963,-2.1647416652300984,-1.027422744722669,0.8193092935332742,-0.4887796980317989
-3.7780764906784436,4.3711089849539455,-0.09310357886920485,0.155706043069261,-1.0680195335433562,-0.039322546072325375,-0.8366888850470117,-0.4385109967911731,0.14521059595775002,-0.8704055183251519
-2.8652061281137033,4.35329551807404,0.7259574789208191,3.5423527897496503,1.2760810558139832,-0.959128758197067,0.42955439378224974,-0.6895351851911893,-0.020468255646656254,-1.2744550345486905
-0.9704465056133414,-1.2502647577641244,2.1407768075035274,3.1826943664573744,0.12343201654467234,0.3966379549847247,0.3477726638653869,0.0866480536960599,-0.14706613459543458,0.8374583580941041
-3.5909428680309725,1.7040697712830986,0.967268713006287,0.21247993583182673,-1.3281406092126888,0.17329096870803884,-0.6514784273105526,0.8852945847464377,-0.437401123934624,-0.22594113861334839
-2.311509382081732,1.8703213373389813,0.5830823302748406,1.6493624974610415,0.25488029292425546,0.5416641118922985,0.7846815252031908,0.8531877380918901,-0.6721148407665959,0.36993277588865187
-1.960868565276416,-1.5100338003354192,-0.6238880212536554,-0.45700550908292764,0.10134766640868412,-2.4897714045207917,-0.29667039705026577,0.6493146879191395,-0.45355021999081874,0.8820527724615331
-1.0896243261257286,0.7077058947097181,-1.13549923782691,-0.12140765431540496,0.589531674627939,-0.28393311977797564,0.5150661414513437,0.5346745804745601,-0.09091852576080327,-0.06586635602992917
-1.6544864819274456,-1.438754797179865,0.481034421517068,0.8738775892318058,-0.4178613075964238,-0.5497508422824203,-1.1015204824560823,-0.7357442780379494,1.053737080085162,-0.8709365791664999
-1.4917229870913038,1.8958775497559022,-0.8066092329057785,0.5994389242842612,0.8902975935549822,-0.24210227483160512,0.7338334249617069,0.5112585857900972,0.27953044801770566,-1.9668922634733481
-0.044454437327171074,-1.6175154190291552,-0.00045597286370650456,1.3270066003113772,0.9528105898009801,-0.4048797787873114,0.5506716387227246,-0.13197719117945908,0.45648408299600973,0.4483550050149497
-2.3582851754439997,-2.066206962034309,0.9919468951432201,-0.9946135808605767,-0.14784097860725096,-0.4069900008654165,-2.225211993160078,-0.7205977126932824,0.7713795368410138,-0.24917781426228544
-2.834476715457883,1.308596740543151,0.2675198917720735,-0.7156575327187732,0.4409826534920652,1.0770045010463365,-0.7078689385394754,-0.019632977637360827,0.13195274399660104,-1.0250561597982886
-2.8483565480117408,0.027221389924949185,0.5111640674816035,-0.3474260253329633,0.6469350805115734,-1.1643115082482787,-1.0723406477192123,-0.04615208471871201,-0.19368036904172342,-0.23372801941411225
-4.379127711008282,2.5163942275583913,2.875587318399435,1.5847809950897107,-1.5087683068989324,3.6194725103623027,-0.9969088538553944,0.0502574652559374,-0.5321334100388816,-1.8513080308151477
-11.848713809950214,18.862736323290783,-1.5762637874470382,1.2481254772120132,1.0521676698898714,0.3844274336762307,-0.9854551046207943,1.6611850129804202,-1.6157104770336002,-1.3767879742620779
-4.578735564524282,-4.770177411297216,7.1595707910164315,12.806307577424425,3.0601989104470704,-5.3591574412330845,-1.5715522776299418,-1.758036546282798,0.15052639896108702,-0.6588230886660911
-3.1424007231798257,-1.459274491182929,0.7411620040950919,2.133704898222307,1.6862802035388273,-1.2267030418517493,0.03696529173710681,3.7432116118540417,-3.257946783067395,1.3380192450952568
-3.90927131031279,-0.9308970767951207,0.6464674743310855,1.5000336467097364,0.8065454040522106,-1.0614334371220173,-0.9400853536626721,2.8638308613288705,-2.1013578073103925,2.3009174630140095
-2.8326006975345734,-1.6590934853102923,-0.6490711514822335,1.1232437847163177,2.0560804226344254,-2.1877942895887093,-0.562466748204467,2.7335332210122343,-1.9766309802961124,1.3547712924975712
-1.6625369590078125,-2.1769994621596966,-0.1870564579435513,0.1796325592593052,-0.29777271151652124,1.9939172988603786,-0.36465998834479046,1.5457389806991488,0.2508164877320753,-0.40802079967382554
-0.5745331029257946,-2.404575312292557,-0.6798281837864494,0.5176057510545162,0.6763795150965304,1.8089919581813811,0.45146275759370963,1.8850643603137072,0.6479294901615749,-0.8009293180294363
1.0055139104119224,-4.811113609529597,-2.459178456976229,-0.6499897290066002,1.7089122587192804,-2.0030953568487027,-0.45146302028843405,2.4492155175932537,1.842742489968402,-5.052421642895684
-0.687120871928423,-1.7504157212873974,-2.298319539302771,-0.7390166967553484,0.37710343948955277,-0.1768099567430838,-1.2046656789734054,1.4091469373746643,0.9400738608525402,0.7399273069895613
-0.156585460015441,-1.4912876374472412,-1.441420410268124,0.6697454900618004,0.46523241723098724,1.910637421489692,-0.22522850669597802,1.550159505435565,0.9916088131748414,0.6172338929480942
-0.5974393385400952,-1.4393356972413616,-1.7943355068882219,-0.3654959125438659,0.5891314250399586,0.36970807332053185,-0.3543870068052143,1.5647444882499701,0.9427875516043968,0.47215732014318934
-1.5486558859298367,-1.387188650864494,-1.393600022173712,-0.5786486563132083,-0.3421133867152585,0.6157739817675147,-1.1339816681075068,0.9305541191300045,1.2551878698340357,0.35026628482832095
-0.23878638025812063,-1.7924186757528722,-2.3120467728371477,0.10249642393014366,1.1059553725771023,0.6718678014876494,-0.10567935116546534,1.4204011888175754,0.729702742327618,0.2577730022381325
-0.16228893711830655,-1.6046466323572197,-2.655643865532824,0.562465581591526,1.1403680103799918,1.3843232299569534,-0.10034340801608296,1.023740046882027,1.1985645171778037,0.17352198665866753
-1.6425094001744953,-1.5942808144550031,-2.2360646318051502,-0.3328467507599579,0.09075774169214304,0.6756349859805729,-1.1595143181784278,0.8364444576683409,0.7756981128958864,0.09889521732963583
-1.0004971678209784,-1.4872764632321445,-2.1305365849592373,0.07705351965109203,0.4153373554082327,0.8985979256866975,-0.8487222123522083,1.0707552753091847,0.596420473295041,-0.05341678156409375
-0.7557759061310797,-2.1334583865005805,-1.0950571040057633,0.4162467923389398,-0.06943150511106015,2.0723550775114497,-1.1314839513981831,0.8560523897969021,-0.16378237410350927,0.48258417370776613
-0.9138807716326681,-2.6217856152321466,0.7458380215921334,1.3665048965568098,-0.8599841010334507,3.6811528261824797,-1.0743602109216674,1.1485288445024326,-0.7217090806568226,0.0397359997973538
-1.8407086508959443,-1.6276570564553805,-0.4408312438967001,0.026497093917024796,-1.226253594480675,1.1932959986970566,-2.03631386525323,1.3738181427004887,0.3173545138847487,-0.43916227461122587
-2.5316025265597863,-1.685887589279778,0.15625046552942687,-0.10013770996586072,-1.6458879466816203,1.5627018160022526,-2.1700245387678576,1.4230048076611572,-0.7006362732228806,-0.7181947251327102
-3.566158335733175,-2.0646226299706867,-0.4027961971519492,-0.9017098265834907,-1.8692949761198405,0.3743770891630122,-2.548199864197331,1.1073013829162623,-0.6534011072547925,-0.41638461354014916
-2.7110416069524925,-1.8138283364064032,-0.78039347392728,-0.42506882897019616,-0.6440105475779986,0.3779373034131966,-0.705605626339331,1.6109361157868645,-0.14221151928805786,-0.7312150232937985
-2.5185498491069436,-2.186362343724869,0.3939208724657172,0.5419944970775243,-0.8604238424872225,2.191639973152375,-0.30733948058398497,1.698893759709523,-0.6513521547936473,-0.8347790964569002
-2.2756603112664044,-1.8471829067203516,-0.26525521952008224,0.39007055713105704,-0.7033518494631602,1.8201102402755633,-0.05040889441233233,1.5577442478045325,-0.18859290247086818,-0.6836959799141283
-2.6990075015260393,-2.6176149600385616,-1.272089569730587,-0.7363412254829057,-0.4319330436503244,0.14820907597569294,-0.5167115708908451,1.3420002801547208,-0.14307461199200178,0.40875556513570477
-3.0935256352146303,-2.047394058436937,-1.3143149740811852,-0.7449012693750886,-0.6630167358437242,0.5244504800676572,-0.33703711339774284,0.8898300678518145,0.7242820112182558,0.20541296153538396
-2.1059756709549737,-1.9123894238273924,-1.142238018745949,0.5685238132601237,-0.9348870647951024,1.7803015159920954,-0.5962056088647494,0.9630306541530338,0.6945335605775439,-0.12008427956986295
-0.15838041807754383,-1.9274122344128017,-2.77034973583899,0.18524682779488513,0.9481042054004754,0.12398249942453586,-0.003656134456310566,1.76473954285599,-0.47090091924422733,-0.1893574175675224
-1.0416505023493499,-1.9168372007322398,-1.7736176973026092,0.11725439619871914,-0.22570810701347788,0.7923389437897115,-1.2282049450076458,1.1088648875548583,0.10440354756737467,0.029400659347777813
0.08301767121492562,-1.9837176728748214,-2.3496736008673946,0.4132488922996169,0.5773536529240407,1.0475168817203242,-0.8496880605832065,1.2165026224965982,-0.5750954030796841,0.12518473969551908
2.0567015103154622,-4.041965809035391,-0.7644118712550807,0.14165134094589657,0.7627715535804688,1.5061110569156684,-0.27612383162839554,-0.5286400933423933,-4.2457744806129565,1.6278918922749146
0.8653424374412781,0.7026503250816889,-2.0624472392489595,0.0928065689319145,0.5345326173435706,-0.05801159672083598,0.5137477996000737,-0.9384818147123698,-0.061433107268092355,-0.07175927891118093
-0.6144217741521024,1.998200259037402,0.7418541458619909,2.3699112206874666,-1.4555534316204697,3.9490921960114953,-0.6860034803213796,-1.9783297240259587,0.603704151200549,0.30328549062261123
1.1065978390435176,2.6763265643099685,-2.0428993285468797,1.3618013971109946,1.1542141972351165,0.08871198491420886,1.0274646778241792,0.11172286209989186,0.011132301632434208,0.5102335779793947
-0.6890195812169579,2.518377455528609,-1.3316852324960953,0.7306193871677814,-0.32956140962736125,-0.39881084647698567,-0.6024338454860164,-0.2859148794181483,0.19098265607518758,0.7714927785049006
-0.9972111101353872,1.9056807757849694,-2.2833482094117947,0.18368821149947925,-0.5452042169505655,-1.9080164741157621,-1.2916338342274571,-0.536520611454531,0.4109749997168971,1.3149995844981168
-0.007010576144585256,2.04696484745539,-1.2675045950462644,2.1740831244565664,-0.11033859590698657,1.3211523278097728,-0.2513237475202502,-0.682956199762534,0.0516495062839271,0.9458098463336028
-0.5286432714538104,1.7069828560435905,-1.6960714977983444,1.2038458003779866,-0.049740772112811096,-0.3613834795751046,0.055271063767209375,0.19630482687463097,0.19865430098110956,1.227242867548482
-0.5600273255675925,0.8446273012259166,-1.4135734696643167,0.9981751573061224,-0.12642358717499258,-0.5472378005398975,0.08609847185380472,0.2202933497916193,0.1608954351883384,0.6017016279279004
-1.2493341812393963,1.6239822947231553,-2.5737489097459227,0.048926518168982004,-0.023701077094357717,-1.1411034039513392,-0.23960547562998827,-0.24727977510568697,0.6557999470309885,0.4938925899523731
-0.3117465095152733,-0.10182099628481071,-2.173360097464188,0.8292215475051331,0.6363502929681824,-1.1060823364414227,0.5621392202524759,-0.08545404359919737,0.3492114092040539,0.26814017389835765
-0.05300081496943377,-0.8607385172052469,-1.7744966869378687,1.3094530336127974,0.1361488679369006,0.1377700466275903,-0.05170363179972348,-0.36453244403819446,0.6175888317422341,0.16365121919019388
0.37385244475846785,-0.5738379774147163,-2.2729810426631847,0.8001491133822521,0.3821120333046159,-0.572319790080154,0.0038728015967268107,0.2303633654236646,0.4107888785212887,-0.09453643347655848
0.24137383786689576,-1.272908457842346,-2.7408447760205186,0.29872350124854424,0.22015146685604403,-1.1646077405240456,-0.4826242313052462,-0.10879895942057947,0.762060425437975,0.22415637080969705
0.5451539373161121,-0.41751898128030834,-2.2366487169855116,0.9268753892999605,0.19379725065695674,0.8042485843639919,0.13769048836385706,-0.3280700878470472,0.7827414256404647,-0.08401730410640072
1.1902632030459175,-1.0901797825914556,-1.9460484776442304,0.744575587675664,0.3288231717490007,0.013235975567036193,0.36594425781930734,-0.05952545318769597,0.650071490494617,0.012544531525849553
1.3281991984209098,-0.2245958973683423,-2.228077907861989,0.5177984507398523,0.3272937592274751,0.2667181879508885,0.15740716087912546,-0.06795382559113575,0.6276408096701582,-0.4807119359474575
1.5157002189448991,0.03739643489396039,-2.142449522621952,0.8446423154646813,0.3057040561341413,0.4481795206274413,-0.014584805403173877,-0.27600119081927826,0.512397645941604,-0.18018855024065522
0.5970803739235881,1.029057769475783,-1.9313104614723746,0.6839167757923179,-0.34553444741982847,0.6496575346981531,-0.6667236539915897,-0.6829558300805997,0.688329080178399,0.22952960877065512
1.1998819200489221,-0.3357732024076801,-2.1007030313996764,0.5305696714470347,0.0812509493235389,-0.8531108722195827,-0.6497600358917066,-0.2589891384377181,0.3833129314689439,0.28060271210688914
1.5590767585257004,1.0903965828416688,-2.6334538253279427,0.35343658230508923,0.39262821909456785,-0.5016222437253288,-0.29185431352727553,0.24229251876569924,0.17330762361409524,0.24661194946802337
1.6369194745943993,0.6621397278652036,-1.548876485638216,1.4784928712222687,-0.15419442635258584,1.0556023271472363,-0.6814843404027229,-0.5279478085317805,0.6738537686512514,0.3679917238676135
1.1422202096106113,1.5386209824009713,-1.181151094964962,1.6410979606878628,-0.6377822000756465,1.6155372290445675,-0.9415038497177487,-0.3260880759979088,0.35234722719807604,0.3193752795569162
1.533035454809276,0.2499571809185357,-1.444459021597755,1.2459355599794117,-0.23445564686487108,-0.08791818546896661,-0.875669423386802,0.13730171715313294,0.17904403788755505,0.01628549746374283
1.209953609207466,0.7638112673100383,-1.9778146404255181,0.45323934141577105,-0.08345582819552737,-0.7022735900130593,-0.68593046131762,0.3130883730187802,0.19786775670160586,-0.05480118697486426
1.9953482723940028,0.23676971800011243,-2.0282549420743523,0.7788120413608489,0.38271049012338965,-0.6237553673756157,-0.38144365572003036,0.17020351602279182,0.4612293299875519,-0.08697562127539359
1.5568033676237865,1.6953368412358896,-1.89077334090908,0.8297746867119606,0.04004858338274565,0.21416518361987702,-0.5273738744388914,0.003256870308264872,0.2899172920298718,-0.0010442659947330591
2.3259368961921445,-0.891806966471693,-0.8051844878787118,1.2155416454328398,0.2644941159929843,-0.021897924655666298,-1.1971764634812128,-0.031674142544816576,0.09427326915023863,-0.2878065833611967
1.8694432315056217,0.8966041159274802,-1.4913721542041762,0.40245264554322746,0.19557444115159137,0.5090767200508892,-0.8330586908495348,0.12294580908980134,0.22857540295667658,-0.4263240794744993
1.437016075701164,0.28541439238016886,0.06027109419858798,3.392895244747626,1.4289656773414814,-1.168779087739794,-1.0544641128001986,-1.8672494277524416,1.4335816839576614,-1.7567716432825298
2.3819448150999745,-0.272453614891733,-1.6176538824492517,0.5161798734141063,0.6930723405608448,-0.503712509918034,-0.6517166526429767,-0.09911059474995533,0.43086109919059185,-0.1236332769657976
2.745540663378653,1.1168748456429745,-0.8223548146398376,-0.297640129361255,0.19685030715046276,-0.309994965609954,-0.23744933976028923,0.40744984142049917,-0.16435805800318465,-0.2313189174402866
2.0610521400539428,2.593719978579221,-0.7061855582058623,0.5619992144044288,-0.244140724856855,0.0014206691519094829,-0.4277088290612157,0.20010828240823797,-0.49241449175364344,0.0024295603439741208
2.353884609002289,1.5862549352911637,-0.8975037954441134,0.6052175610040857,0.23159918970021826,-1.242258135115944,-0.3042389733894924,0.33806456132070223,-0.46941547218553026,0.13716715020279638
2.6090136090379104,1.0035438248101527,-0.1566558248392116,1.021203739780809,-0.33709503051143114,0.002183863936182374,-0.5995846303200805,0.027555376496984967,-0.6333615579748357,1.0448648909731328
2.670487589715274,-0.435009324312972,1.4098521633838428,1.664553109841238,-1.3120459536763973,1.1654410752784887,-1.1636616388032406,-0.1615328248687452,-0.47539475599040504,0.44037849706119175
2.57821119344846,1.6678378545163235,0.3162711653144946,1.0996398285697577,-0.7508497285584151,0.4447583170001663,-0.6211509518256028,0.8299836503309094,-1.0380986010619664,-0.11883174189683504
2.401729464539939,1.062486115803519,-0.15114078277687515,0.20225841524556182,-0.8215991352705346,-1.176197965966675,-0.8085706687226019,0.8704242683975751,-0.8859874582903241,0.3015170678299961
3.3319217261830145,-0.0657105262275371,-0.42336838832179824,0.11975364366916827,-0.1122505061395053,-1.5210374540072293,-0.11336030348022615,0.8129768259036125,-0.5862939695814294,-0.0961883568930327
3.532062879991934,-0.7863934904638324,0.7515601725682833,0.6097138244093137,-0.44769565822478796,0.1789086604984213,-0.6366269249014329,0.10983222106605425,-0.5477134312273841,-0.5946298286098998
2.604735427015662,2.009838858587823,-0.07071315209757933,-0.09179095181259297,-0.5556356002702366,-0.260148318768368,-0.41310134175723306,0.8529034121306471,-0.6246753557440012,-0.8668220075375392
3.1177824881064162,0.8877578174758977,-0.07515910127476422,0.32991051909264724,-0.14345448512361636,-1.0887867387920107,-0.33002867000763264,0.30553459898634355,-0.09986057986379421,-0.14439960096012758
3.5195062265711865,0.005039613988621669,-0.012572060108182459,0.06592330287694884,-0.17920805901446224,-0.562890885370649,-0.2499392317024727,0.08630140351962784,0.12514146893950023,0.6646737845605774
3.5073745077283047,0.14436455916753102,0.19030504222314287,0.13281302327810268,-0.21523968110493796,-0.2045099294331725,-0.005809975993618284,0.2487998272023397,0.3902258408045864,0.009270406299920621
3.111960803004459,0.34212997095663544,-0.5050609517108601,0.1988189988508921,-0.2403638186893667,-0.4204393932902744,-0.38149398982513005,0.3684433387180617,0.16071430724674066,-0.041314366312375714
3.453700272704984,0.694237595340984,0.010818587128995971,-0.1200993041083894,-0.4933977781884803,-0.6257294821110791,-0.014012878006628446,0.6311321357570077,-0.05813519019144874,-0.12599544063539989
3.690847205842196,0.29251150885534194,-0.38616059131254765,-0.33145845424158016,-0.3107894131916114,-0.9984638485167496,-0.07511623837727639,0.4791855329498045,0.10230714227285406,0.31156996337478354
3.7777408354279682,-0.16485331745783713,-0.34119286239769064,-0.35092537669787494,-0.3395976339709615,-0.9506360750410141,-0.13035945944118046,0.378668642495672,0.2725826148902803,-0.32628800331776053
3.768538905350282,-0.40518671308026377,0.4951345156735455,-0.35645444120327513,0.31868296799757373,-0.38227423075851613,-0.8630725712449948,-0.037036576759129046,-0.2624565341169526,-0.2191622227023376
3.0177995096659638,1.718971546415431,0.2837759559359248,-0.6198206004436165,-0.043657044522249465,0.3064413838480762,-0.5176907547707685,0.13580585495593867,-0.0007950661359730141,-0.009985460417400966
3.599693909706331,0.18110306126567566,0.6826450980530553,-0.09647284269832904,0.11221840230024525,-0.11027329974315671,-0.4482933681881129,0.26236621634040125,0.019845608480114803,0.49966828463276686
3.10299419063371,1.449402214552586,0.2517178313397803,-0.5960549475830025,0.14969142030432814,-0.18812890269920327,-0.4254602063650647,0.3146098882632652,-0.18090576586941348,0.0838627992162315
3.666533321045214,-0.13208503071486136,0.884417967515294,0.18490205199124837,0.09799502331470654,-0.29049302924756953,-0.9201584113938156,0.03066910358050185,-0.3643244740532275,0.1704711608015717
3.787830726069482,0.14736517159147502,0.49575646999686335,-0.2935504851312384,0.10767710854603595,-0.5931857832504532,-0.5992389659482235,0.6174676921399425,-0.46145856990662476,-0.08492671419298677
3.618243243592892,0.49271072830486184,0.26954272582934513,-0.649331593521121,-0.003146479260449929,-0.8107027061809234,-0.589657976783821,0.6477656156254659,-0.2904409325925984,-0.024007761765700807
3.516105998354065,0.9908974174823917,0.09984336565616675,-0.5475419560921914,0.14292628247730815,-0.8286842340045353,-0.4265351535289436,0.4202537316786036,-0.04738382342700675,0.33653594925779123
3.5771313410533025,0.3649698511482073,0.7319012399242083,-0.2394398623302419,-0.3015993839536757,0.3216197696816624,-0.6543706130535363,-0.0505092064297633,0.08396926323154774,0.0833845495066799
3.721588571821109,0.385055367981588,0.3964130414971897,-0.3101643053856675,-0.05252231781573081,-0.5273054158222704,-0.38659083047221804,0.16264559460997058,0.3949527410392169,0.10838873924562915
3.802800080180073,0.3608925114518977,0.46286520548542875,-0.07474280208089853,-0.5409232432979941,0.0555544585557617,-0.19515185587672637,0.3340260114879916,0.27995765481410284,-0.1094521409246518
3.819793908873392,0.32718245017512654,0.26384887889740866,-0.2874663691839987,-0.4695514138567455,-0.42657893083312454,-0.22390976519315312,0.38062245730797645,0.25389751907023705,0.35048755834880374
3.4136335696469184,1.2380358633369994,0.2922410772866966,-0.37002351755119556,-0.6669692799564111,-0.0781914231704061,-0.09415172557420833,0.5135771283606261,0.22809443294083526,0.27648886273222967
3.4719277762352583,1.2428327184591252,0.1605669014289991,-0.23560190559115965,-0.4386174210935732,-0.6787932494454735,-0.1962149902097091,0.7279102022795367,-0.05674624058753607,0.1471369902256857
3.4093432112902007,1.008778662815558,0.4575501180103801,0.028669587419567908,-0.5804854569401348,-0.6030357900409439,-0.4007878623545526,0.4745168280403515,-0.40422094924491314,0.13512560180663508
3.6931217647813415,0.03653066809110171,0.8292092775808687,0.06072147709680062,-0.7409519286480338,-0.2296683331094563,-0.27599260231338835,0.22935537787924698,-0.1392452631854774,0.5037673455040554
3.5074022619597742,0.8299502347684483,0.7654185154715443,0.06298051612173214,-1.055421609721558,0.18602362289540791,-0.2596413980882683,0.36060285856304003,-0.12143813074755562,0.3987071494091779
3.5316368583894366,0.8662875464031705,0.9206885387249963,0.4397991969463222,-1.3430989198988292,0.4607913943180659,-0.5669482974071456,0.16819261065136273,0.17544043405662413,0.1681495418689291
3.739319741064599,0.680266433104945,0.12121763286693593,-0.3300082462777383,-0.49844993068976245,-1.1279285827310237,-0.09078691585317857,0.49433394967330235,-0.31693871019214764,0.1694863887389981
3.7153979284316367,0.7567297417734533,0.6189569980115988,0.017615101009137022,-0.8452787357804321,-0.09354416642086015,-0.09216562941434982,0.18229534957641716,-0.0001509969555925287,-0.0025861069051119727
3.0906776365727233,1.502595984681613,0.9181814625410315,0.09269189198070996,-1.1809558847291546,-0.07349549322910333,-0.125267888828931,0.4591357198111027,0.09440066108238432,-0.3005914277193162
3.444653791475688,0.5495635446132199,0.8475302640941594,0.17994675550863276,-0.8379666897509124,-0.9782192892598789,-0.13280757980147315,0.3014059923640745,0.15630105208383088,-0.4059313296019447
2.7187594212502555,0.37330331528683264,3.665283692061653,1.6375592235259886,-3.1216411038817107,3.5660745316060054,-1.1918265486117638,-0.2554109181163941,-0.4742141800986621,-0.05978905070868846
3.2549085745552113,0.488866262531335,1.1992370334603735,-0.22828474245201238,-0.9980850399260254,-0.9635056345814916,0.25676420824579155,1.0168459152780527,-0.47390777681637586,-0.36646558943002266
3.1463070399533204,0.5733974694504813,1.0862666158923098,-0.4047871895198993,-0.8887876116956853,-0.5792002829087388,0.4834923937487883,0.2515619614013632,0.11961639318518044,-0.1259896789015895
3.197916901170139,0.8867937789792739,0.6109362523819085,-0.650275713901262,-0.6711071945448078,-1.06033061346954,0.4532954083098764,0.25404992463733433,-0.032516722084533455,-0.3816695627369552
2.652744867535752,0.453259006210823,0.6145860536291279,0.4075966491565081,-0.8994607812575035,0.5447685730295337,-0.14048234330164547,-0.4369577125710804,0.32709685984979364,-0.27188625830429436
2.747963142697824,0.3480230196831155,0.07139178932686675,-0.1782926011510914,-0.4006275354842463,-0.45168445197606144,0.29133641934079174,-0.09174723767121418,0.27876305154963615,-0.4334767188966287
2.280595300481055,0.5973802572722742,0.6957467315640203,0.07960651599559304,-1.0087478817424835,0.3686316982527248,0.05723004144428288,-0.1959737891711904,0.3069801666096808,-0.17800901147309092
2.893196281701666,1.1688289183994192,0.3889481206609128,-0.7346520262234528,-0.4701336719715493,-0.9014391772547985,0.9149457683270099,0.11719515835451728,0.5866111064751021,0.3672811515013972
2.9319694888994117,0.8137280137823686,0.7454705865609476,-0.3038600443410616,-0.8860178544107903,-0.5577172389398584,0.7542314370262506,-0.062262193735146236,0.46899775722740583,0.2507952039062848
3.263624047039873,0.23527810880951755,0.7820873758170096,-0.2914989452133879,-0.8766146169305082,-0.4546549292325246,0.5492749861167249,0.10101892877889611,-0.05534876075708133,0.3509913296158801
2.8803300411159474,0.3503146857786161,1.6444130564645099,0.07307378933912825,-1.5095036453057926,0.4478474095705739,0.3445164476251213,0.02082259998858573,-0.11753043974259085,-0.204778234663949
2.831756488284075,0.7122537777489838,1.184873073121587,-0.38932243640851383,-1.189462748428641,-0.05755375066463901,0.641735340097266,0.3098211052947766,-0.3591851234337155,-0.09365486940899054
2.1790342208170363,0.7340911258142665,2.153433192045348,-0.07303154509447171,-1.8823121526597872,0.5827311514860888,0.42535028296529226,-0.03144728173300076,-0.2679824162349556,-0.497611780051276
2.3585672828811166,0.5638624455153327,1.3927019911258745,-0.5318056146894221,-1.3752691799854202,-0.6536283401236328,0.9372312228890417,0.1697337683534525,-0.2894270014886538,-0.5673271119219954
1.9709971125803458,0.20044969414231747,1.9440091503806505,-0.4303572692030492,-2.0168705965156097,-0.16595791125450501,0.5407376033887604,0.2902754789461108,-0.2691928967638553,-0.48026503865091036
1.9768263883854957,0.5086297576034526,1.9087926242213238,-0.3139723322708789,-1.5305685303350154,-0.2233822868939873,1.2064940118779368,0.49944746165096277,-0.39451979034363577,-0.4740960465231147
1.8861222393666717,0.8767780553464661,2.2728948304982715,0.18143099296305182,-1.79114467802585,0.6629556843031537,1.038027609580125,0.2656939073733839,-0.5062567234459651,-0.442270763489634
1.3428508353320212,0.8774185816558208,1.5633161745820467,-0.6088099787817813,-1.7748988504170433,-0.7042996909608673,0.8292960491334405,0.15778591654776433,-0.1539330707530444,-0.15030901889576673
2.2832226994546896,0.27632399325966883,1.1374074530734188,-0.29721569404242343,-0.9416771707953112,-0.7697596709160357,1.3568762836591426,0.17429169684740237,-0.391915648894759,-0.3162659847312334
1.4778441024222577,0.8725222902953043,1.0660369761317872,-0.7288499132622135,-1.4164202854594203,-0.5255666351466701,1.0343939899177121,-0.21385857717072176,-0.08918736553512929,-0.10164771445496765
1.720867272406398,0.8536092421240085,1.194279751453007,-0.18762486279541202,-1.134649708832966,-0.4388765033743435,1.2199931051231672,-0.033431704880027134,-0.42338798724100923,-0.1513022752419975
1.3653876214858283,0.35911763249089346,1.6628971614171966,-0.2891717981823416,-1.5778423457339967,-0.314799205501314,1.032278766448458,-0.013109562475765687,-0.2881584326279775,0.16402104441439624
1.1423840216205028,-0.1291602829284431,1.7914592432193177,-0.6284721082912479,-1.835300177166824,-0.4322388068190295,1.0438484490653075,0.27006799216496274,-0.39787101919602086,0.11534567687650132
1.5913535984821978,0.4613077812672609,0.7048174158227506,-0.4029901026938974,-0.8232185273061677,-0.4414370262325013,1.71977633403808,0.2845255496292913,-0.29768240034020854,-0.2533479731341075
1.9583622369757137,-0.690243314387329,1.2814117984951485,-0.3887953036983113,-0.342087425224158,-0.469502818823769,0.7642592068519594,-0.22855408345381692,-0.292643312148417,-0.1809752929808835
1.6382955723336206,1.1135141540769609,0.5502563641727869,-0.8543178264460688,-0.37599522906493554,-0.02535072006485816,0.8701936979949791,-0.07041427134494296,-0.5533802059651882,-0.43757853632951693
0.8493729329820644,0.6989005330748808,1.1118277907609155,-0.8637443498052888,-0.8835481354884009,-0.3463592738833905,0.4728133625533757,-0.43081946129475224,-0.11340688154394359,-0.13250106229341543
1.5187110717551298,1.094490504434687,0.4298911482474602,-0.4153156267305004,0.2865008675448642,-0.9028011907086929,1.1619569956162648,-0.28141641102811576,-0.35483551637737165,-0.4645406517145676
1.184083856521382,0.7349259357439994,1.2146790611779092,-0.19345470940832307,-0.5600307603871433,0.3916327754551798,0.5609471724443098,-0.7721043945723244,-0.24654055634273014,0.15247327441816438
1.4486286865419193,0.015559217121292268,1.0970952255692974,-0.12563941290649216,-0.7974234719810982,-0.3680509841371708,1.081075639923438,-0.2202533615378572,0.018265506144784244,0.30600274870057154
1.1877834102477112,0.2574932306814871,0.2312551274143242,-0.9003899117384654,-1.0804400147342146,-0.8964914763651634,0.17989099223484356,-0.4866322328017921,-0.2727837025873463,-0.027743030435782964
1.5670345142029933,0.5826761677798813,0.32929855911950484,-0.3865934920458551,-0.5688907898684974,-0.32667198838856126,1.0837116760175491,-0.2535161427699783,-0.3889473610986941,0.202174162522489
1.619397332020394,0.07269371333107813,0.33925945499675164,0.07522477226027986,-0.5461239166135085,-0.02928129497028139,0.9164381366840278,-0.33135616455196265,-0.1053221163828174,-0.3640900617422636
1.6270073166650063,0.5916813329309761,-0.1319443079311357,-0.33712649252350624,-0.09360120918521816,-0.6792177492647926,1.2441898340389215,-0.18729473519319326,-0.0177343489971596,-0.42686807809611105
1.3294434331992209,1.5731607456081638,-0.09950579875312994,0.06418132285863966,-0.2981346130038794,-0.060042038913050814,0.9121549724640802,-0.29529417701595584,-0.13979441337652865,-0.496098950213067
1.7255612577099817,0.08744551459544864,0.6248485514117629,0.5537270566718558,-0.47687475734786083,0.2738723322101365,0.8301279934614827,-0.5311646788900841,0.18169084371425107,0.09484218261227267
1.3535574417474163,0.36051034897213496,0.18183509190295064,0.645759412164799,-0.5307554179997267,0.876315126848395,0.5469101567496845,-0.3947542410955191,0.09870518682460097,0.12181666519691249
